<?xml version="1.0" encoding="utf-8"?>
<extension version="2.5" type="package" method="upgrade">
	<name>My City Selector</name>
	<packagename>mycityselector</packagename>
	<creationDate>May 2014</creationDate>
	<author>Konstantin Kutsevalov</author>
	<authorEmail>konstantin@kutsevalov.name</authorEmail>
	<authorUrl>http://www.kutsevalov.name/2013/08/12/modul-vibora-goroda-dlya-joomla/</authorUrl>
	<copyright>All rights reserved</copyright>
	<license>GNU/GPL</license>
	<version>1.2.6</version>
	<description>
	<![CDATA[
	<h3>My City Selector PKG</h3>
	<div style="text-align:left;">
		Данный модуль позволяет управлять отображением контента для разных городов.<br/>
		Пользователю предоставляется возможность выбрать свой город, а администратору определить список этих городов и контент для них.<br/>
		Для автоматического определения города используется <a href="http://sypexgeo.net/ru/api/" target="_blank">API SypexGeo</a><br/>
		<br/>
		Подобие документации можно прочитать <a href="http://www.kutsevalov.name/2013/08/13/modul-vibora-goroda-dlya-joomla/" title="перейти" target="_blank">здесь</a>.
		<div class="install-check"></div>
	</div>
	<script src="/modules/mod_mycityselector/install-check.js"></script>
	]]>
	</description>
    
    <files>
		<file type="module" id="mod_mycityselector" client="site">mycityselector-mod-j2532-v126.zip</file>
        <file type="plugin" id="plg_mycityselector" group="system">mycityselector-plg-j2532-v126.zip</file>
    </files>
</extension>

