<?xml version="1.0" encoding="utf-8"?>
<extension version="2.5" type="package" method="upgrade">
	<name>My City Selector</name>
	<packagename>mycityselector</packagename>
	<creationDate>Jan 2015</creationDate>
	<author>Konstantin Kutsevalov</author>
	<authorEmail>konstantin@kutsevalov.name</authorEmail>
	<authorUrl>http://www.kutsevalov.name/2013/08/12/modul-vibora-goroda-dlya-joomla/</authorUrl>
	<copyright>All rights reserved</copyright>
    <license>GNU/GPLv3 http://www.gnu.org/licenses/gpl-3.0.html</license>
	<version>1.2.8</version>
	<description>
	<![CDATA[
	<h3>"My City Selector" Extension</h3>
	<div style="text-align:left;">
		Данное расширение позволяет управлять отображением разного контента для разных городов.<br/>
		<br/>
		Описание можно прочитать <a href="http://www.kutsevalov.name/2013/08/13/modul-vibora-goroda-dlya-joomla/" title="перейти" target="_blank">здесь</a>.
		<div style="margin-top:20px;line-height: 20px;">
		    Результат установки:
            <div><img id="module_png" title="Module"/> <span id="module_status" style="color:green;"><b style="color:red;">Module installation fail!</b></span></div>
            <div><img id="plugin_png" title="Plugin"/> <span id="plugin_status" style="color:green;"><b style="color:red;">Plugin installation fail!</b></span></div>
            <script>var mcsf=function(id){return document.getElementById(id)},modPng=new Image(),plgPng=new Image();
            modPng.onload=function(){mcsf("module_status").innerHTML="Success";mcsf("module_png").src=modPng.src;};
            plgPng.onload=function(){mcsf("plugin_status").innerHTML="Success";mcsf("plugin_png").src=plgPng.src;};
            modPng.src="/modules/mod_mycityselector/ext_mod_mini.png";
            plgPng.src="/plugins/system/plg_mycityselector/ext_plugin_mini.png";</script>
		</div>
	</div>
	]]>
	</description>
    
    <files><file type="module" id="mod_mycityselector" client="site">mcs-mod-v128-j25j3x.zip</file><file type="plugin" id="plg_mycityselector" group="system">mcs-plg-v128-j25j3x.zip</file></files>
</extension>
