<?xml version="1.0" encoding="utf-8"?>
<!-- https://docs.joomla.org/Manifest_files -->
<extension version="3.2" type="plugin" group="system">
	<name>System - My City Selector</name>
	<creationDate>Jan 2016</creationDate>
	<author>Konstantin Kutsevalov</author>
	<license>http://www.gnu.org/licenses/gpl-2.0.html GNU/GPL</license>
	<authorEmail>konstantin@kutsevalov.name</authorEmail>
	<authorUrl>www.kutsevalov.name</authorUrl>
	<version>1.3.0</version>
	<description>
	<![CDATA[
	<h3>My City Selector (Content plugin)</h3>
	Данный плагин является частью расширения "MyCitySelector".
	<br/>
	Более подробное описание читайте <a href="http://www.kutsevalov.name/2013/08/13/modul-vibora-goroda-dlya-joomla/" title="перейти" target="_blank">на странице модуля</a>.
	]]>
	</description>
	<scriptfile>installer.php</scriptfile>
	<files><filename>ext_plugin_mini.png</filename><folder>helpers</folder><filename>installer.php</filename><filename>plg_mcs.xml</filename><filename plugin="plgmycityselector">plgmycityselector.php</filename></files>
    <!-- TODO EXAMPLE OF UPDATE FILE:  https://github.com/eddieajau/joomla-extension-skeleton/blob/master/manifest.xml -->
	<!--updateservers>
		<server type="extension" priority="1" name="MyCitySelector Update Site">http://www.kutsevalov.name/wp-content/uploads/works/mycityselector/mcs_upd.xml</server>
	</updateservers-->
</extension>
