<?xml version="1.0" encoding="utf-8"?>
<extension version="3.7" type="package" method="upgrade">
	<name>My City Selector</name>
	<packagename>mycityselector</packagename>
	<creationDate>Mar 2024</creationDate>
	<author>Konstantin Kutsevalov &amp; Vladislav Smolenskiy</author>
	<authorEmail>konstantin@kutsevalov.name</authorEmail>
	<authorUrl>https://github.com/active-programming/mycityselector</authorUrl>
	<copyright>All rights reserved</copyright>
    <license>Proprietary</license>
	<version>3.0.81</version>
	<description>

	</description>

	<scriptfile>installer.php</scriptfile>
    <files><file type="plugin" id="mcsinsert" group="editors-xtd">mcsinsert_v3081.zip</file><file type="plugin" id="plgmycityselector" group="system">plgmycityselector_v3081.zip</file><file type="module" id="mod_mycityselector" client="site">mod_mycityselector_v3081.zip</file><file type="module" id="mod_mycityselector_admin_menu" client="admin">mod_mycityselector_admin_menu_v3081.zip</file><file type="component" id="com_mycityselector">com_mycityselector_v3081.zip</file></files>

	<!--updateservers>
		<server type="extension" name="My City Selector Update Server">https://raw.githubusercontent.com/active-programming/mycityselector/free/mcs_update.xml</server>
	</updateservers-->
</extension>
